Access Car,%
Yes,78.91826569
No,21.08173431
