IMD,Car Yes %,Car Yes Lower CI,Car Yes Upper CI,Car No %,Car No Lower CI,Car No Upper CI,Satisfaction Travel Mean,Satisfaction Travel Lower CI,Satisfaction Travel Upper CI,Dark Travel Very Safe,Dark Travel Lower CI,Dark Travel Upper CI,Dark Travel Fairly Safe,Dark Travel Lower CI,Dark Travel Upper CI,Dark Travel Fairly Unsafe,Dark Travel Lower CI,Dark Travel Upper CI,Dark Travel Very Unsafe,Dark Travel Lower CI,Dark Travel Upper CI
20% most deprived,64.77011759,62.15078506,67.38945011,35.22988241,32.61054989,37.84921494,6.057410511,5.850608478,6.264212545,28.24460651,25.53947428,30.94973874,44.46506615,41.58933529,47.34079701,18.86040878,16.59470273,21.12611482,8.429918563,6.940125718,9.919711408
20% - 40% most deprived,74.8201732,72.62450475,77.01584165,25.1798268,22.98415835,27.37549525,6.013204072,5.851608508,6.174799636,32.94722348,30.41444258,35.48000439,44.99790586,42.3712393,47.62457241,16.41787419,14.51069794,18.32505045,5.636996463,4.635390463,6.638602464
40% - 60% most deprived,81.23328509,79.21905461,83.24751556,18.76671491,16.75248444,20.78094539,5.80571672,5.627645667,5.983787774,37.13363116,34.59487239,39.67238993,43.9965745,41.42982136,46.56332764,13.56129191,11.87625215,15.24633166,5.308502428,4.256349778,6.360655078
20% - 40% least deprived,85.68410606,83.88416639,87.48404572,14.31589394,12.51595428,16.11583361,5.732334609,5.559813579,5.90485564,38.21400466,35.66362797,40.76438135,43.85341878,41.29628468,46.41055289,14.38264646,12.6179443,16.14734862,3.549930095,2.759679335,4.340180855
20% least deprived,88.74730749,86.87008366,90.62453131,11.25269251,9.375468692,13.12991634,5.794411013,5.618079828,5.970742199,32.2033322,29.58945389,34.81721052,51.23661323,48.48806118,53.98516529,12.56777945,10.7595662,14.37599271,3.992275111,2.887471902,5.09707832
