,Mean,ErrorMinus,ErrorPlus
Urban,6.016321274,5.920356036,6.112286511
Rural,5.483607831,5.345334431,5.621881231
