Age,Mean
16-24,6.194858694
25-44,5.906239323
45-64,5.548488169
65-74,5.891243544
75 and over,6.474425458
